{"mean": [255.56955572006075, 18.065666769810814, 12.750606525863233, 19.409198312849743], "scale": [219.58614594252563, 20.06133817959534, 13.507650266607435, 21.63191945198073]}